capability_id,name,plane,modes,documented_readiness,observed_deployment_evidence,actual_gap_or_unverified,dependency,required_user_visible_result
application.authentication,Authentication,application,Tender;Support;Audit;Restoration,CAPABILITY_READY,UNVERIFIED in current deployment unless listed in RLS correction.,Keep documented readiness separate from OZERO live acceptance.,operations.postgresql,Authentication typed result or blocker
application.authorization,Application authorization,application,Tender;Support;Audit;Restoration,FOUNDATION_ONLY,UNVERIFIED in current deployment unless listed in RLS correction.,Keep documented readiness separate from OZERO live acceptance.,operations.postgresql,Application authorization typed result or blocker
application.command-query-contracts,Command/query contracts,application,Tender;Support;Audit;Restoration,FOUNDATION_ONLY,UNVERIFIED in current deployment unless listed in RLS correction.,Keep documented readiness separate from OZERO live acceptance.,operations.postgresql,Command/query contracts typed result or blocker
application.durable-job-orchestration,Durable job orchestration,application,Tender;Support;Audit;Restoration,CAPABILITY_READY,UNVERIFIED in current deployment unless listed in RLS correction.,Keep documented readiness separate from OZERO live acceptance.,operations.postgresql,Durable job orchestration typed result or blocker
application.http-api,HTTP/API application layer,application,Tender;Support;Audit;Restoration,CAPABILITY_READY,UNVERIFIED in current deployment unless listed in RLS correction.,Keep documented readiness separate from OZERO live acceptance.,operations.postgresql,HTTP/API application layer typed result or blocker
application.idempotency,Application idempotency,application,Tender;Support;Audit;Restoration,FOUNDATION_ONLY,UNVERIFIED in current deployment unless listed in RLS correction.,Keep documented readiness separate from OZERO live acceptance.,operations.postgresql,Application idempotency typed result or blocker
application.job-control,Pause/resume/cancel/retry,application,Tender;Support;Audit;Restoration,PARTIAL,UNVERIFIED in current deployment unless listed in RLS correction.,Keep documented readiness separate from OZERO live acceptance.,operations.postgresql,Pause/resume/cancel/retry typed result or blocker
application.notification-routing,Notification/task routing,application,Tender;Support;Audit;Restoration,NOT_IMPLEMENTED,UNVERIFIED in current deployment unless listed in RLS correction.,Keep documented readiness separate from OZERO live acceptance.,operations.postgresql,Notification/task routing typed result or blocker
application.progress-events,Progress events,application,Tender;Support;Audit;Restoration,PARTIAL,UNVERIFIED in current deployment unless listed in RLS correction.,Keep documented readiness separate from OZERO live acceptance.,operations.postgresql,Progress events typed result or blocker
application.session-handling,Session handling,application,Tender;Support;Audit;Restoration,CAPABILITY_READY,UNVERIFIED in current deployment unless listed in RLS correction.,Keep documented readiness separate from OZERO live acceptance.,operations.postgresql,Session handling typed result or blocker
audit.attachments-evidence,Attachment/evidence checks,mode-audit,Audit,CONTRACT_ONLY,No OZERO mode admission-to-output/export/recovery acceptance in this snapshot.,Mode result unverified; require user-visible E2E.,project-understanding.requirement-matrix,Attachment/evidence checks typed result or blocker
audit.contradictions,Contradiction detection,mode-audit,Audit,CONTRACT_ONLY,No OZERO mode admission-to-output/export/recovery acceptance in this snapshot.,Mode result unverified; require user-visible E2E.,project-understanding.requirement-matrix,Contradiction detection typed result or blocker
audit.duplicates,Duplicate detection,mode-audit,Audit,FOUNDATION_ONLY,No OZERO mode admission-to-output/export/recovery acceptance in this snapshot.,Mode result unverified; require user-visible E2E.,project-understanding.requirement-matrix,Duplicate detection typed result or blocker
audit.expected-actual-matrix,Expected-vs-actual document matrix,mode-audit,Audit,FOUNDATION_ONLY,No OZERO mode admission-to-output/export/recovery acceptance in this snapshot.,Mode result unverified; require user-visible E2E.,project-understanding.requirement-matrix,Expected-vs-actual document matrix typed result or blocker
audit.form-edition-signature,Form/edition/signature checks,mode-audit,Audit,CONTRACT_ONLY,No OZERO mode admission-to-output/export/recovery acceptance in this snapshot.,Mode result unverified; require user-visible E2E.,project-understanding.requirement-matrix,Form/edition/signature checks typed result or blocker
audit.quantity-coverage,Quantity coverage,mode-audit,Audit,FOUNDATION_ONLY,No OZERO mode admission-to-output/export/recovery acceptance in this snapshot.,Mode result unverified; require user-visible E2E.,project-understanding.requirement-matrix,Quantity coverage typed result or blocker
audit.report,Audit report,mode-audit,Audit,CONTRACT_ONLY,No OZERO mode admission-to-output/export/recovery acceptance in this snapshot.,Mode result unverified; require user-visible E2E.,project-understanding.requirement-matrix,Audit report typed result or blocker
audit.scan-classification,Scan classification,mode-audit,Audit,FOUNDATION_ONLY,No OZERO mode admission-to-output/export/recovery acceptance in this snapshot.,Mode result unverified; require user-visible E2E.,project-understanding.requirement-matrix,Scan classification typed result or blocker
engineering.bf16-numeric-vlm,BF16 numeric-critical VLM,engineering-intelligence,Tender;Support;Audit;Restoration,CONTRACT_ONLY,UNVERIFIED in current deployment unless listed in RLS correction.,Keep documented readiness separate from OZERO live acceptance.,project-understanding.requirement-matrix;knowledge.gateway,BF16 numeric-critical VLM typed result or blocker
engineering.contract-contradictions,Contract contradiction detection,engineering-intelligence,Tender;Support;Audit;Restoration,CONTRACT_ONLY,UNVERIFIED in current deployment unless listed in RLS correction.,Keep documented readiness separate from OZERO live acceptance.,project-understanding.requirement-matrix;knowledge.gateway,Contract contradiction detection typed result or blocker
engineering.design-asbuilt-comparison,Design-vs-as-built comparison,engineering-intelligence,Tender;Support;Audit;Restoration,CONTRACT_ONLY,UNVERIFIED in current deployment unless listed in RLS correction.,Keep documented readiness separate from OZERO live acceptance.,project-understanding.requirement-matrix;knowledge.gateway,Design-vs-as-built comparison typed result or blocker
engineering.deterministic-cad-extraction,Deterministic CAD/vector/native extraction,engineering-intelligence,Tender;Support;Audit;Restoration,CONTRACT_ONLY,UNVERIFIED in current deployment unless listed in RLS correction.,Keep documented readiness separate from OZERO live acceptance.,project-understanding.requirement-matrix;knowledge.gateway,Deterministic CAD/vector/native extraction typed result or blocker
engineering.drawing-segmentation,Drawing segmentation,engineering-intelligence,Tender;Support;Audit;Restoration,CONTRACT_ONLY,UNVERIFIED in current deployment unless listed in RLS correction.,Keep documented readiness separate from OZERO live acceptance.,project-understanding.requirement-matrix;knowledge.gateway,Drawing segmentation typed result or blocker
engineering.geometric-collisions,Geometric collision detection,engineering-intelligence,Tender;Support;Audit;Restoration,CONTRACT_ONLY,UNVERIFIED in current deployment unless listed in RLS correction.,Keep documented readiness separate from OZERO live acceptance.,project-understanding.requirement-matrix;knowledge.gateway,Geometric collision detection typed result or blocker
engineering.missing-work-material,Missing work/material detection,engineering-intelligence,Tender;Support;Audit;Restoration,FOUNDATION_ONLY,UNVERIFIED in current deployment unless listed in RLS correction.,Keep documented readiness separate from OZERO live acceptance.,project-understanding.requirement-matrix;knowledge.gateway,Missing work/material detection typed result or blocker
engineering.obsolete-ntd,Obsolete NTD detection,engineering-intelligence,Tender;Support;Audit;Restoration,FOUNDATION_ONLY,UNVERIFIED in current deployment unless listed in RLS correction.,Keep documented readiness separate from OZERO live acceptance.,project-understanding.requirement-matrix;knowledge.gateway,Obsolete NTD detection typed result or blocker
engineering.quantity-reconciliation,Quantity reconciliation,engineering-intelligence,Tender;Support;Audit;Restoration,FOUNDATION_ONLY,UNVERIFIED in current deployment unless listed in RLS correction.,Keep documented readiness separate from OZERO live acceptance.,project-understanding.requirement-matrix;knowledge.gateway,Quantity reconciliation typed result or blocker
field.assigned-tasks,Assigned field tasks,field-offline,Tender;Support;Audit;Restoration,CONTRACT_ONLY,UNVERIFIED in current deployment unless listed in RLS correction.,Keep documented readiness separate from OZERO live acceptance.,application.http-api,Assigned field tasks typed result or blocker
field.conflict-resolution,Offline conflict resolution,field-offline,Tender;Support;Audit;Restoration,CONTRACT_ONLY,UNVERIFIED in current deployment unless listed in RLS correction.,Keep documented readiness separate from OZERO live acceptance.,application.http-api,Offline conflict resolution typed result or blocker
field.coordinates,Coordinates,field-offline,Tender;Support;Audit;Restoration,CONTRACT_ONLY,UNVERIFIED in current deployment unless listed in RLS correction.,Keep documented readiness separate from OZERO live acceptance.,application.http-api,Coordinates typed result or blocker
field.device-identity,Device identity,field-offline,Tender;Support;Audit;Restoration,CONTRACT_ONLY,UNVERIFIED in current deployment unless listed in RLS correction.,Keep documented readiness separate from OZERO live acceptance.,application.http-api,Device identity typed result or blocker
field.idempotent-sync,Idempotent sync,field-offline,Tender;Support;Audit;Restoration,CONTRACT_ONLY,UNVERIFIED in current deployment unless listed in RLS correction.,Keep documented readiness separate from OZERO live acceptance.,application.http-api,Idempotent sync typed result or blocker
field.measurements,Measurements,field-offline,Tender;Support;Audit;Restoration,CONTRACT_ONLY,UNVERIFIED in current deployment unless listed in RLS correction.,Keep documented readiness separate from OZERO live acceptance.,application.http-api,Measurements typed result or blocker
field.offline-queue,Offline queue,field-offline,Tender;Support;Audit;Restoration,CONTRACT_ONLY,UNVERIFIED in current deployment unless listed in RLS correction.,Keep documented readiness separate from OZERO live acceptance.,application.http-api,Offline queue typed result or blocker
field.photo-video,Photo/video capture,field-offline,Tender;Support;Audit;Restoration,CONTRACT_ONLY,UNVERIFIED in current deployment unless listed in RLS correction.,Keep documented readiness separate from OZERO live acceptance.,application.http-api,Photo/video capture typed result or blocker
field.required-rd-fragments,Required RD fragments,field-offline,Tender;Support;Audit;Restoration,CONTRACT_ONLY,UNVERIFIED in current deployment unless listed in RLS correction.,Keep documented readiness separate from OZERO live acceptance.,application.http-api,Required RD fragments typed result or blocker
field.secure-android-client,FIELD-ANDROID-CLIENT-01 secure offline field data collection client,field-offline,Support;Audit;Restoration,NOT_IMPLEMENTED,UNVERIFIED in current deployment unless listed in RLS correction.,Keep documented readiness separate from OZERO live acceptance.,application.http-api;application.authentication;application.authorization;application.durable-job-orchestration;interaction.document-registry;field.device-identity;field.offline-queue;field.conflict-resolution;field.idempotent-sync,approved threat model and evidence-backed architecture decisions
field.work-mtr-checkpoint-forms,Work/MTR/checkpoint forms,field-offline,Tender;Support;Audit;Restoration,CONTRACT_ONLY,UNVERIFIED in current deployment unless listed in RLS correction.,Keep documented readiness separate from OZERO live acceptance.,application.http-api,Work/MTR/checkpoint forms typed result or blocker
intake.archive-handling,Archive handling,industrial-intake,Tender;Support;Audit;Restoration,PARTIAL,"OZERO: 22 docs/2,529 pages/native outputs visible with authorized scope; downstream model output remains absent.",Incident-critical: effective OCR recovery and downstream materialization required.,operations.object-plane,Archive handling typed result or blocker
intake.backpressure,Backpressure,industrial-intake,Tender;Support;Audit;Restoration,PARTIAL,"OZERO: 22 docs/2,529 pages/native outputs visible with authorized scope; downstream model output remains absent.",Incident-critical: effective OCR recovery and downstream materialization required.,operations.object-plane,Backpressure typed result or blocker
intake.batch-upload,Batch upload,industrial-intake,Tender;Support;Audit;Restoration,CAPABILITY_READY,"OZERO: 22 docs/2,529 pages/native outputs visible with authorized scope; downstream model output remains absent.",Incident-critical: effective OCR recovery and downstream materialization required.,operations.object-plane,Batch upload typed result or blocker
intake.crash-recovery,Crash recovery,industrial-intake,Tender;Support;Audit;Restoration,CAPABILITY_READY,"OZERO: 22 docs/2,529 pages/native outputs visible with authorized scope; downstream model output remains absent.",Incident-critical: effective OCR recovery and downstream materialization required.,operations.object-plane,Crash recovery typed result or blocker
intake.deduplication,Deduplication,industrial-intake,Tender;Support;Audit;Restoration,CAPABILITY_READY,"OZERO: 22 docs/2,529 pages/native outputs visible with authorized scope; downstream model output remains absent.",Incident-critical: effective OCR recovery and downstream materialization required.,operations.object-plane,Deduplication typed result or blocker
intake.mime-content-validation,MIME/content validation,industrial-intake,Tender;Support;Audit;Restoration,CAPABILITY_READY,"OZERO: 22 docs/2,529 pages/native outputs visible with authorized scope; downstream model output remains absent.",Incident-critical: effective OCR recovery and downstream materialization required.,operations.object-plane,MIME/content validation typed result or blocker
intake.native-extraction,Native extraction,industrial-intake,Tender;Support;Audit;Restoration,PARTIAL,"OZERO: 22 docs/2,529 pages/native outputs visible with authorized scope; downstream model output remains absent.",Incident-critical: effective OCR recovery and downstream materialization required.,operations.object-plane,Native extraction typed result or blocker
intake.ocr,OCR,industrial-intake,Tender;Support;Audit;Restoration,PARTIAL,"OZERO: 22 docs/2,529 pages/native outputs visible with authorized scope; downstream model output remains absent.",Incident-critical: effective OCR recovery and downstream materialization required.,operations.object-plane,OCR typed result or blocker
intake.pdf-page-inventory,PDF/page inventory,industrial-intake,Tender;Support;Audit;Restoration,CAPABILITY_READY,"OZERO: 22 docs/2,529 pages/native outputs visible with authorized scope; downstream model output remains absent.",Incident-critical: effective OCR recovery and downstream materialization required.,operations.object-plane,PDF/page inventory typed result or blocker
intake.quarantine,Quarantine,industrial-intake,Tender;Support;Audit;Restoration,PARTIAL,"OZERO: 22 docs/2,529 pages/native outputs visible with authorized scope; downstream model output remains absent.",Incident-critical: effective OCR recovery and downstream materialization required.,operations.object-plane,Quarantine typed result or blocker
intake.recursive-folder-admission,Recursive folder admission,industrial-intake,Tender;Support;Audit;Restoration,PARTIAL,"OZERO: 22 docs/2,529 pages/native outputs visible with authorized scope; downstream model output remains absent.",Incident-critical: effective OCR recovery and downstream materialization required.,operations.object-plane,Recursive folder admission typed result or blocker
intake.scale-10k,10k-file qualification,industrial-intake,Tender;Support;Audit;Restoration,PARTIAL,"OZERO: 22 docs/2,529 pages/native outputs visible with authorized scope; downstream model output remains absent.",Incident-critical: effective OCR recovery and downstream materialization required.,operations.object-plane,10k-file qualification typed result or blocker
intake.scale-1k,1k-file qualification,industrial-intake,Tender;Support;Audit;Restoration,PARTIAL,"OZERO: 22 docs/2,529 pages/native outputs visible with authorized scope; downstream model output remains absent.",Incident-critical: effective OCR recovery and downstream materialization required.,operations.object-plane,1k-file qualification typed result or blocker
intake.scale-5k,5k-file qualification,industrial-intake,Tender;Support;Audit;Restoration,PARTIAL,"OZERO: 22 docs/2,529 pages/native outputs visible with authorized scope; downstream model output remains absent.",Incident-critical: effective OCR recovery and downstream materialization required.,operations.object-plane,5k-file qualification typed result or blocker
intake.sharding,Page/region sharding,industrial-intake,Tender;Support;Audit;Restoration,FOUNDATION_ONLY,"OZERO: 22 docs/2,529 pages/native outputs visible with authorized scope; downstream model output remains absent.",Incident-critical: effective OCR recovery and downstream materialization required.,operations.object-plane,Page/region sharding typed result or blocker
intake.streamed-hashing,Streamed hashing,industrial-intake,Tender;Support;Audit;Restoration,CAPABILITY_READY,"OZERO: 22 docs/2,529 pages/native outputs visible with authorized scope; downstream model output remains absent.",Incident-critical: effective OCR recovery and downstream materialization required.,operations.object-plane,Streamed hashing typed result or blocker
intake.vlm-routing,VLM routing,industrial-intake,Tender;Support;Audit;Restoration,FOUNDATION_ONLY,"OZERO: 22 docs/2,529 pages/native outputs visible with authorized scope; downstream model output remains absent.",Incident-critical: effective OCR recovery and downstream materialization required.,operations.object-plane,VLM routing typed result or blocker
interaction.administration,Administration UI,product-interaction,Tender;Support;Audit;Restoration,NOT_IMPLEMENTED,UNVERIFIED in current deployment unless listed in RLS correction.,Keep documented readiness separate from OZERO live acceptance.,application.http-api,Administration UI typed result or blocker
interaction.audit-provenance-viewer,Audit/provenance viewer,product-interaction,Tender;Support;Audit;Restoration,NOT_IMPLEMENTED,UNVERIFIED in current deployment unless listed in RLS correction.,Keep documented readiness separate from OZERO live acceptance.,application.http-api,Audit/provenance viewer typed result or blocker
interaction.document-registry,Document registry,product-interaction,Tender;Support;Audit;Restoration,CAPABILITY_READY,UNVERIFIED in current deployment unless listed in RLS correction.,Keep documented readiness separate from OZERO live acceptance.,application.http-api,Document registry typed result or blocker
interaction.drawing-cad-viewer,Drawing/CAD viewer,product-interaction,Tender;Support;Audit;Restoration,CONTRACT_ONLY,UNVERIFIED in current deployment unless listed in RLS correction.,Keep documented readiness separate from OZERO live acceptance.,application.http-api,Drawing/CAD viewer typed result or blocker
interaction.evidence-side-panel,Evidence side panel,product-interaction,Tender;Support;Audit;Restoration,PARTIAL,UNVERIFIED in current deployment unless listed in RLS correction.,Keep documented readiness separate from OZERO live acceptance.,application.http-api,Evidence side panel typed result or blocker
interaction.four-mode-navigation,Four-mode navigation,product-interaction,Tender;Support;Audit;Restoration,CAPABILITY_READY,UNVERIFIED in current deployment unless listed in RLS correction.,Keep documented readiness separate from OZERO live acceptance.,application.http-api,Four-mode navigation typed result or blocker
interaction.frontend-shell,Frontend shell,product-interaction,Tender;Support;Audit;Restoration,CAPABILITY_READY,UNVERIFIED in current deployment unless listed in RLS correction.,Keep documented readiness separate from OZERO live acceptance.,application.http-api,Frontend shell typed result or blocker
interaction.gaps-conflicts-blockers,Gaps/conflicts/blockers UI,product-interaction,Tender;Support;Audit;Restoration,CAPABILITY_READY,UNVERIFIED in current deployment unless listed in RLS correction.,Keep documented readiness separate from OZERO live acceptance.,application.http-api,Gaps/conflicts/blockers UI typed result or blocker
interaction.generation-export-ui,Generation/export UI,product-interaction,Tender;Support;Audit;Restoration,PARTIAL,UNVERIFIED in current deployment unless listed in RLS correction.,Keep documented readiness separate from OZERO live acceptance.,application.http-api,Generation/export UI typed result or blocker
interaction.job-progress-recovery,Job progress and recovery UI,product-interaction,Tender;Support;Audit;Restoration,PARTIAL,UNVERIFIED in current deployment unless listed in RLS correction.,Keep documented readiness separate from OZERO live acceptance.,application.http-api,Job progress and recovery UI typed result or blocker
interaction.pdf-image-viewer,PDF/image viewer,product-interaction,Tender;Support;Audit;Restoration,PARTIAL,UNVERIFIED in current deployment unless listed in RLS correction.,Keep documented readiness separate from OZERO live acceptance.,application.http-api,PDF/image viewer typed result or blocker
interaction.work-requirement-matrix-ui,WorkRequirementMatrix UI,product-interaction,Tender;Support;Audit;Restoration,NOT_IMPLEMENTED,UNVERIFIED in current deployment unless listed in RLS correction.,Keep documented readiness separate from OZERO live acceptance.,application.http-api,WorkRequirementMatrix UI typed result or blocker
interaction.workspace-selector,Workspace/project selector,product-interaction,Tender;Support;Audit;Restoration,CAPABILITY_READY,UNVERIFIED in current deployment unless listed in RLS correction.,Keep documented readiness separate from OZERO live acceptance.,application.http-api,Workspace/project selector typed result or blocker
knowledge.arbitration-practice,Arbitration practice,knowledge-rules,Tender;Support;Audit;Restoration,NOT_IMPLEMENTED,UNVERIFIED in current deployment unless listed in RLS correction.,Keep documented readiness separate from OZERO live acceptance.,operations.postgresql,Arbitration practice typed result or blocker
knowledge.customer-additive-overlay,Customer additive overlay,knowledge-rules,Tender;Support;Audit;Restoration,FOUNDATION_ONLY,UNVERIFIED in current deployment unless listed in RLS correction.,Keep documented readiness separate from OZERO live acceptance.,operations.postgresql,Customer additive overlay typed result or blocker
knowledge.edition-applicability,Edition/applicability decisions,knowledge-rules,Tender;Support;Audit;Restoration,FOUNDATION_ONLY,UNVERIFIED in current deployment unless listed in RLS correction.,Keep documented readiness separate from OZERO live acceptance.,operations.postgresql,Edition/applicability decisions typed result or blocker
knowledge.gateway,Knowledge Gateway,knowledge-rules,Tender;Support;Audit;Restoration,FOUNDATION_ONLY,UNVERIFIED in current deployment unless listed in RLS correction.,Keep documented readiness separate from OZERO live acceptance.,operations.postgresql,Knowledge Gateway typed result or blocker
knowledge.legal-knowledge,Legal knowledge,knowledge-rules,Tender;Support;Audit;Restoration,NOT_IMPLEMENTED,UNVERIFIED in current deployment unless listed in RLS correction.,Keep documented readiness separate from OZERO live acceptance.,operations.postgresql,Legal knowledge typed result or blocker
knowledge.lessons-promotion-gate,Domain Traps/Lessons Learned Promotion Gate,knowledge-rules,Tender;Support;Audit;Restoration,FOUNDATION_ONLY,UNVERIFIED in current deployment unless listed in RLS correction.,Keep documented readiness separate from OZERO live acceptance.,operations.postgresql,Domain Traps/Lessons Learned Promotion Gate typed result or blocker
knowledge.official-ntd,Official NTD editions/provisions,knowledge-rules,Tender;Support;Audit;Restoration,FOUNDATION_ONLY,UNVERIFIED in current deployment unless listed in RLS correction.,Keep documented readiness separate from OZERO live acceptance.,operations.postgresql,Official NTD editions/provisions typed result or blocker
knowledge.practice-intelligence,Practice Intelligence,knowledge-rules,Tender;Support;Audit;Restoration,PARTIAL,UNVERIFIED in current deployment unless listed in RLS correction.,Keep documented readiness separate from OZERO live acceptance.,operations.postgresql,Practice Intelligence typed result or blocker
knowledge.rule-registry,Deterministic Rule Registry,knowledge-rules,Tender;Support;Audit;Restoration,FOUNDATION_ONLY,UNVERIFIED in current deployment unless listed in RLS correction.,Keep documented readiness separate from OZERO live acceptance.,operations.postgresql,Deterministic Rule Registry typed result or blocker
knowledge.templates-forms,Templates/forms knowledge,knowledge-rules,Tender;Support;Audit;Restoration,CONTRACT_ONLY,UNVERIFIED in current deployment unless listed in RLS correction.,Keep documented readiness separate from OZERO live acceptance.,operations.postgresql,Templates/forms knowledge typed result or blocker
knowledge.work-type-classifier,Work-type classifier,knowledge-rules,Tender;Support;Audit;Restoration,CONTRACT_ONLY,UNVERIFIED in current deployment unless listed in RLS correction.,Keep documented readiness separate from OZERO live acceptance.,operations.postgresql,Work-type classifier typed result or blocker
operations.api-worker,API worker,operations,Tender;Support;Audit;Restoration,PARTIAL,UNVERIFIED in current deployment unless listed in RLS correction.,Keep documented readiness separate from OZERO live acceptance.,operations.postgresql,API worker typed result or blocker
operations.backup-restore,Backup/restore,operations,Tender;Support;Audit;Restoration,FOUNDATION_ONLY,UNVERIFIED in current deployment unless listed in RLS correction.,Keep documented readiness separate from OZERO live acceptance.,operations.postgresql,Backup/restore typed result or blocker
operations.document-worker,Document worker,operations,Tender;Support;Audit;Restoration,CAPABILITY_READY,UNVERIFIED in current deployment unless listed in RLS correction.,Keep documented readiness separate from OZERO live acceptance.,operations.postgresql,Document worker typed result or blocker
operations.health-capability,Health/capability status,operations,Tender;Support;Audit;Restoration,PARTIAL,UNVERIFIED in current deployment unless listed in RLS correction.,Keep documented readiness separate from OZERO live acceptance.,operations.postgresql,Health/capability status typed result or blocker
operations.heavy-mlx-guard,One-heavy-MLX-process guard,operations,Tender;Support;Audit;Restoration,FOUNDATION_ONLY,UNVERIFIED in current deployment unless listed in RLS correction.,Keep documented readiness separate from OZERO live acceptance.,operations.postgresql,One-heavy-MLX-process guard typed result or blocker
operations.launchd-services,launchd services,operations,Tender;Support;Audit;Restoration,PARTIAL,UNVERIFIED in current deployment unless listed in RLS correction.,Keep documented readiness separate from OZERO live acceptance.,operations.postgresql,launchd services typed result or blocker
operations.logging-metrics,Logging/metrics,operations,Tender;Support;Audit;Restoration,CONTRACT_ONLY,UNVERIFIED in current deployment unless listed in RLS correction.,Keep documented readiness separate from OZERO live acceptance.,operations.postgresql,Logging/metrics typed result or blocker
operations.model-broker,Model broker,operations,Tender;Support;Audit;Restoration,CONTRACT_ONLY,UNVERIFIED in current deployment unless listed in RLS correction.,Keep documented readiness separate from OZERO live acceptance.,operations.postgresql,Model broker typed result or blocker
operations.native-macos-deployment,Native macOS deployment,operations,Tender;Support;Audit;Restoration,PARTIAL,UNVERIFIED in current deployment unless listed in RLS correction.,Keep documented readiness separate from OZERO live acceptance.,operations.postgresql,Native macOS deployment typed result or blocker
operations.object-plane,Object plane,operations,Tender;Support;Audit;Restoration,PARTIAL,UNVERIFIED in current deployment unless listed in RLS correction.,Keep documented readiness separate from OZERO live acceptance.,operations.postgresql,Object plane typed result or blocker
operations.postgresql,PostgreSQL operations,operations,Tender;Support;Audit;Restoration,PARTIAL,UNVERIFIED in current deployment unless listed in RLS correction.,Keep documented readiness separate from OZERO live acceptance.,,PostgreSQL operations typed result or blocker
operations.projection-rebuild,Projection rebuild,operations,Tender;Support;Audit;Restoration,FOUNDATION_ONLY,UNVERIFIED in current deployment unless listed in RLS correction.,Keep documented readiness separate from OZERO live acceptance.,operations.postgresql,Projection rebuild typed result or blocker
operations.release-update-rollback,Release/update/rollback,operations,Tender;Support;Audit;Restoration,PARTIAL,UNVERIFIED in current deployment unless listed in RLS correction.,Keep documented readiness separate from OZERO live acceptance.,operations.postgresql,Release/update/rollback typed result or blocker
operations.remote-access-boundary,Remote access boundary,operations,Tender;Support;Audit;Restoration,PARTIAL,UNVERIFIED in current deployment unless listed in RLS correction.,Keep documented readiness separate from OZERO live acceptance.,operations.postgresql,Remote access boundary typed result or blocker
output.cad-adapters,AutoLISP/Python-CAD adapters,document-cad-output,Tender;Support;Audit;Restoration,CONTRACT_ONLY,UNVERIFIED in current deployment unless listed in RLS correction.,Keep documented readiness separate from OZERO live acceptance.,knowledge.gateway,AutoLISP/Python-CAD adapters typed result or blocker
output.docx,DOCX output,document-cad-output,Tender;Support;Audit;Restoration,PARTIAL,UNVERIFIED in current deployment unless listed in RLS correction.,Keep documented readiness separate from OZERO live acceptance.,knowledge.gateway,DOCX output typed result or blocker
output.dxf,DXF output,document-cad-output,Tender;Support;Audit;Restoration,CONTRACT_ONLY,UNVERIFIED in current deployment unless listed in RLS correction.,Keep documented readiness separate from OZERO live acceptance.,knowledge.gateway,DXF output typed result or blocker
output.export-archive,Export/archive,document-cad-output,Tender;Support;Audit;Restoration,CONTRACT_ONLY,UNVERIFIED in current deployment unless listed in RLS correction.,Keep documented readiness separate from OZERO live acceptance.,knowledge.gateway,Export/archive typed result or blocker
output.finalization,Document finalization,document-cad-output,Tender;Support;Audit;Restoration,PARTIAL,UNVERIFIED in current deployment unless listed in RLS correction.,Keep documented readiness separate from OZERO live acceptance.,knowledge.gateway,Document finalization typed result or blocker
output.generated-document-candidate,GeneratedDocumentCandidate,document-cad-output,Tender;Support;Audit;Restoration,PARTIAL,UNVERIFIED in current deployment unless listed in RLS correction.,Keep documented readiness separate from OZERO live acceptance.,knowledge.gateway,GeneratedDocumentCandidate typed result or blocker
output.layout-render-validation,Layout/render validation,document-cad-output,Tender;Support;Audit;Restoration,PARTIAL,UNVERIFIED in current deployment unless listed in RLS correction.,Keep documented readiness separate from OZERO live acceptance.,knowledge.gateway,Layout/render validation typed result or blocker
output.pdf,PDF output,document-cad-output,Tender;Support;Audit;Restoration,PARTIAL,UNVERIFIED in current deployment unless listed in RLS correction.,Keep documented readiness separate from OZERO live acceptance.,knowledge.gateway,PDF output typed result or blocker
output.print-acceptance,Print acceptance,document-cad-output,Tender;Support;Audit;Restoration,PARTIAL,UNVERIFIED in current deployment unless listed in RLS correction.,Keep documented readiness separate from OZERO live acceptance.,knowledge.gateway,Print acceptance typed result or blocker
output.template-registry,Template registry,document-cad-output,Tender;Support;Audit;Restoration,PARTIAL,UNVERIFIED in current deployment unless listed in RLS correction.,Keep documented readiness separate from OZERO live acceptance.,knowledge.gateway,Template registry typed result or blocker
output.xlsx,XLSX output,document-cad-output,Tender;Support;Audit;Restoration,CONTRACT_ONLY,UNVERIFIED in current deployment unless listed in RLS correction.,Keep documented readiness separate from OZERO live acceptance.,knowledge.gateway,XLSX output typed result or blocker
project-understanding.materials,Materials,project-understanding,Tender;Support;Audit;Restoration,PARTIAL,"OZERO: 22 docs/2,529 pages/native outputs visible with authorized scope; downstream model output remains absent.",Incident-critical: effective OCR recovery and downstream materialization required.,intake.native-extraction,Materials typed result or blocker
project-understanding.oks-structure,OKS structure,project-understanding,Tender;Support;Audit;Restoration,PARTIAL,"OZERO: 22 docs/2,529 pages/native outputs visible with authorized scope; downstream model output remains absent.",Incident-critical: effective OCR recovery and downstream materialization required.,intake.native-extraction,OKS structure typed result or blocker
project-understanding.pd-rd-classification,PD/RD section classification,project-understanding,Tender;Support;Audit;Restoration,PARTIAL,"OZERO: 22 docs/2,529 pages/native outputs visible with authorized scope; downstream model output remains absent.",Incident-critical: effective OCR recovery and downstream materialization required.,intake.native-extraction,PD/RD section classification typed result or blocker
project-understanding.project-definition,ProjectDefinition,project-understanding,Tender;Support;Audit;Restoration,PARTIAL,"OZERO: 22 docs/2,529 pages/native outputs visible with authorized scope; downstream model output remains absent.",Incident-critical: effective OCR recovery and downstream materialization required.,intake.native-extraction,ProjectDefinition typed result or blocker
project-understanding.pz-identification,PZ identification,project-understanding,Tender;Support;Audit;Restoration,PARTIAL,"OZERO: 22 docs/2,529 pages/native outputs visible with authorized scope; downstream model output remains absent.",Incident-critical: effective OCR recovery and downstream materialization required.,intake.native-extraction,PZ identification typed result or blocker
project-understanding.quantities,Work quantities,project-understanding,Tender;Support;Audit;Restoration,PARTIAL,"OZERO: 22 docs/2,529 pages/native outputs visible with authorized scope; downstream model output remains absent.",Incident-critical: effective OCR recovery and downstream materialization required.,intake.native-extraction,Work quantities typed result or blocker
project-understanding.requirement-matrix,WorkRequirementMatrix,project-understanding,Tender;Support;Audit;Restoration,PARTIAL,"OZERO: 22 docs/2,529 pages/native outputs visible with authorized scope; downstream model output remains absent.",Incident-critical: effective OCR recovery and downstream materialization required.,intake.native-extraction,WorkRequirementMatrix typed result or blocker
project-understanding.spatial-structure,Zones/axes/levels/work fronts,project-understanding,Tender;Support;Audit;Restoration,PARTIAL,"OZERO: 22 docs/2,529 pages/native outputs visible with authorized scope; downstream model output remains absent.",Incident-critical: effective OCR recovery and downstream materialization required.,intake.native-extraction,Zones/axes/levels/work fronts typed result or blocker
project-understanding.vor-estimate-reconciliation,VOR/estimate reconciliation,project-understanding,Tender;Support;Audit;Restoration,PARTIAL,"OZERO: 22 docs/2,529 pages/native outputs visible with authorized scope; downstream model output remains absent.",Incident-critical: effective OCR recovery and downstream materialization required.,intake.native-extraction,VOR/estimate reconciliation typed result or blocker
project-understanding.work-dependencies,Work dependencies,project-understanding,Tender;Support;Audit;Restoration,PARTIAL,"OZERO: 22 docs/2,529 pages/native outputs visible with authorized scope; downstream model output remains absent.",Incident-critical: effective OCR recovery and downstream materialization required.,intake.native-extraction,Work dependencies typed result or blocker
project-understanding.work-packages,ConstructionWorkPackages,project-understanding,Tender;Support;Audit;Restoration,PARTIAL,"OZERO: 22 docs/2,529 pages/native outputs visible with authorized scope; downstream model output remains absent.",Incident-critical: effective OCR recovery and downstream materialization required.,intake.native-extraction,ConstructionWorkPackages typed result or blocker
project-understanding.work-types,Work types,project-understanding,Tender;Support;Audit;Restoration,PARTIAL,"OZERO: 22 docs/2,529 pages/native outputs visible with authorized scope; downstream model output remains absent.",Incident-critical: effective OCR recovery and downstream materialization required.,intake.native-extraction,Work types typed result or blocker
restoration.document-regeneration,Document regeneration,mode-restoration,Restoration,CONTRACT_ONLY,No OZERO mode admission-to-output/export/recovery acceptance in this snapshot.,Mode result unverified; require user-visible E2E.,project-understanding.requirement-matrix,Document regeneration typed result or blocker
restoration.fabrication-prohibition,Prohibition of fabrication,mode-restoration,Restoration,FOUNDATION_ONLY,No OZERO mode admission-to-output/export/recovery acceptance in this snapshot.,Mode result unverified; require user-visible E2E.,project-understanding.requirement-matrix,Prohibition of fabrication typed result or blocker
restoration.nonrecoverable-blockers,Non-recoverable blockers,mode-restoration,Restoration,FOUNDATION_ONLY,No OZERO mode admission-to-output/export/recovery acceptance in this snapshot.,Mode result unverified; require user-visible E2E.,project-understanding.requirement-matrix,Non-recoverable blockers typed result or blocker
restoration.order,Restoration order,mode-restoration,Restoration,FOUNDATION_ONLY,No OZERO mode admission-to-output/export/recovery acceptance in this snapshot.,Mode result unverified; require user-visible E2E.,project-understanding.requirement-matrix,Restoration order typed result or blocker
restoration.preserved-facts,Preserved facts,mode-restoration,Restoration,FOUNDATION_ONLY,No OZERO mode admission-to-output/export/recovery acceptance in this snapshot.,Mode result unverified; require user-visible E2E.,project-understanding.requirement-matrix,Preserved facts typed result or blocker
restoration.recoverability,Recoverability,mode-restoration,Restoration,FOUNDATION_ONLY,No OZERO mode admission-to-output/export/recovery acceptance in this snapshot.,Mode result unverified; require user-visible E2E.,project-understanding.requirement-matrix,Recoverability typed result or blocker
restoration.restored-set-provenance,Restored set and provenance,mode-restoration,Restoration,CONTRACT_ONLY,No OZERO mode admission-to-output/export/recovery acceptance in this snapshot.,Mode result unverified; require user-visible E2E.,project-understanding.requirement-matrix,Restored set and provenance typed result or blocker
support.aosr,AOSR,mode-support,Support,PARTIAL,No OZERO mode admission-to-output/export/recovery acceptance in this snapshot.,Mode result unverified; require user-visible E2E.,project-understanding.requirement-matrix,AOSR typed result or blocker
support.executive-schemes,Executive schemes,mode-support,Support,CONTRACT_ONLY,No OZERO mode admission-to-output/export/recovery acceptance in this snapshot.,Mode result unverified; require user-visible E2E.,project-understanding.requirement-matrix,Executive schemes typed result or blocker
support.field-facts,Field facts,mode-support,Support,CONTRACT_ONLY,No OZERO mode admission-to-output/export/recovery acceptance in this snapshot.,Mode result unverified; require user-visible E2E.,project-understanding.requirement-matrix,Field facts typed result or blocker
support.geodesy,Geodesy,mode-support,Support,CONTRACT_ONLY,No OZERO mode admission-to-output/export/recovery acceptance in this snapshot.,Mode result unverified; require user-visible E2E.,project-understanding.requirement-matrix,Geodesy typed result or blocker
support.hold-points,Hold points,mode-support,Support,FOUNDATION_ONLY,No OZERO mode admission-to-output/export/recovery acceptance in this snapshot.,Mode result unverified; require user-visible E2E.,project-understanding.requirement-matrix,Hold points typed result or blocker
support.id-matrix,ID matrix,mode-support,Support,PARTIAL,No OZERO mode admission-to-output/export/recovery acceptance in this snapshot.,Mode result unverified; require user-visible E2E.,project-understanding.requirement-matrix,ID matrix typed result or blocker
support.incoming-control,Incoming control,mode-support,Support,FOUNDATION_ONLY,No OZERO mode admission-to-output/export/recovery acceptance in this snapshot.,Mode result unverified; require user-visible E2E.,project-understanding.requirement-matrix,Incoming control typed result or blocker
support.journals,Journals,mode-support,Support,CONTRACT_ONLY,No OZERO mode admission-to-output/export/recovery acceptance in this snapshot.,Mode result unverified; require user-visible E2E.,project-understanding.requirement-matrix,Journals typed result or blocker
support.ks-payment-readiness,KS/payment readiness,mode-support,Support,FOUNDATION_ONLY,No OZERO mode admission-to-output/export/recovery acceptance in this snapshot.,Mode result unverified; require user-visible E2E.,project-understanding.requirement-matrix,KS/payment readiness typed result or blocker
support.laboratory,Laboratory,mode-support,Support,CONTRACT_ONLY,No OZERO mode admission-to-output/export/recovery acceptance in this snapshot.,Mode result unverified; require user-visible E2E.,project-understanding.requirement-matrix,Laboratory typed result or blocker
support.mtr-batches,MTR batches,mode-support,Support,FOUNDATION_ONLY,No OZERO mode admission-to-output/export/recovery acceptance in this snapshot.,Mode result unverified; require user-visible E2E.,project-understanding.requirement-matrix,MTR batches typed result or blocker
support.work-planning,Work planning,mode-support,Support,FOUNDATION_ONLY,No OZERO mode admission-to-output/export/recovery acceptance in this snapshot.,Mode result unverified; require user-visible E2E.,project-understanding.requirement-matrix,Work planning typed result or blocker
tender.constructability,Constructability,mode-tender,Tender,CONTRACT_ONLY,No OZERO mode admission-to-output/export/recovery acceptance in this snapshot.,Mode result unverified; require user-visible E2E.,project-understanding.requirement-matrix,Constructability typed result or blocker
tender.contract-analysis,Contract analysis,mode-tender,Tender,FOUNDATION_ONLY,No OZERO mode admission-to-output/export/recovery acceptance in this snapshot.,Mode result unverified; require user-visible E2E.,project-understanding.requirement-matrix,Contract analysis typed result or blocker
tender.cost-time-feasibility,Cost/time feasibility,mode-tender,Tender,FOUNDATION_ONLY,No OZERO mode admission-to-output/export/recovery acceptance in this snapshot.,Mode result unverified; require user-visible E2E.,project-understanding.requirement-matrix,Cost/time feasibility typed result or blocker
tender.disagreement-protocol,Protocol of disagreements,mode-tender,Tender,CONTRACT_ONLY,No OZERO mode admission-to-output/export/recovery acceptance in this snapshot.,Mode result unverified; require user-visible E2E.,project-understanding.requirement-matrix,Protocol of disagreements typed result or blocker
tender.package-completeness,Tender package completeness,mode-tender,Tender,FOUNDATION_ONLY,No OZERO mode admission-to-output/export/recovery acceptance in this snapshot.,Mode result unverified; require user-visible E2E.,project-understanding.requirement-matrix,Tender package completeness typed result or blocker
tender.quantity-material-omissions,Quantity/material omissions,mode-tender,Tender,FOUNDATION_ONLY,No OZERO mode admission-to-output/export/recovery acceptance in this snapshot.,Mode result unverified; require user-visible E2E.,project-understanding.requirement-matrix,Quantity/material omissions typed result or blocker
tender.revised-contract,Revised contract,mode-tender,Tender,CONTRACT_ONLY,No OZERO mode admission-to-output/export/recovery acceptance in this snapshot.,Mode result unverified; require user-visible E2E.,project-understanding.requirement-matrix,Revised contract typed result or blocker
tender.risk-conclusion,Evidence-bound risk conclusion,mode-tender,Tender,FOUNDATION_ONLY,No OZERO mode admission-to-output/export/recovery acceptance in this snapshot.,Mode result unverified; require user-visible E2E.,project-understanding.requirement-matrix,Evidence-bound risk conclusion typed result or blocker

